text,label,category,keywords
全世界七大工程又增其一 1600年前古人在悬崖峭壁上开凿的佛像,1,news_culture,
上联 泰山黄山赵本山 如何对下联,1,news_culture,
买得起修不起 哪些车维修费高到离谱 没想到日系车也不省心,6,news_car,"S60L,雷克萨斯,沃尔沃,指导价,奔驰E级,RAV4,马自达6,Q50L,零整,宝马X1,X3,零整比,雪铁龙"
王毅受邀将出访法 西 葡 阿根廷 外交部透露了这些细节,11,news_world,"中欧关系,二十国集团,阿根廷,中法关系,王毅"
伟大的母亲,0,news_story,垃圾箱
上课时学生手机响个不停 老师一怒之下把手机摔了 家长拿发票让老师赔 大家怎么看待这种事,7,news_edu,
特朗普为什么可以随意废除此前美国政府达成的各种协议,11,news_world,
比亚迪S7这车到底开起来怎么样 我只想听车主的真实用车感受,6,news_car,"湿式双离合,比亚迪,帕萨特,离合器,马牌轮胎"
为什么马占山坚持抗日 而张学良选择不抵抗,9,news_military,"东北军,抵抗,张学良,东北易帜,国民政府"
上市公司被顶格惩罚 股价持续低迷 受损的股民怎么办,4,news_finance,"行政处罚决定书,虚假陈述,证监会,投资者,恒顺众昇,行政处罚,东方电子,证券法"
他曾停赛12场 被评中超四大恶人之一 昨天中超比赛中险断腿,3,news_sports,"柯钊,华夏幸福,赵明剑,河北华夏幸福,足协"
美指原油双高 主力跌幅1 03,4,news_finance,"原油,跌幅,震荡运行"
饶雪莎 5 9黄金原油操作建议 黄金还会跌吗,4,news_finance,"饶雪莎,原油,黄金"
奶奶狠心把孙女淹死 儿媳负气出走 老人葬礼上儿媳孙女都回来了,0,news_story,"徐老娘,儿媳,阿丽,村里人,千叮咛万"
腾讯为什么会持有特斯拉5 的被动股权 意味着什么,12,stock,"特斯拉,美国证券交易委员会,YunOS,无人驾驶,腾讯"
如何判断一只股票被高度控盘 有什么方法找主力控盘的股票,12,stock,"股票,K线图,股东,个股,k线图"
成都至都江堰 眉山将建市域铁路 阆中要建旅游专线,10,news_travel,"客运专线,都江堰,成蒲铁路,成都,眉山"
除了谢娜还有哪些明星的粉丝破亿,2,news_entertainment,"谢娜,吉尼斯,Justin,Katy Perry,僵尸粉"
油价早报 国际油价5月7日上涨,4,news_finance,"委内瑞拉,PDVSA,原油期货,结算价,康菲石油"
零基础只看动漫就能速成掌握日语中高级,7,news_edu,
股票抄底者死是真的吗,12,stock,"股票,抄底,中国石化"
下联 雪戏一点梅 如何对上联,1,news_culture,
从 零基础 到全国冠军 临沂三十五中女篮放飞梦想,3,news_sports,"女篮,三十五,陈允利,篮球比赛,临沂"
老汉收养一只哑巴狗 三年后竟半夜发声吵醒全村 怎料救了一村人,0,news_story,"刘老汉,黄鼠狼,黑狗"
2018东北地区大学综合排行榜 第一名竟然不是哈工大,7,news_edu,"校友会,民办大学,独立学院,东北师范大学,哈尔滨工业大学"
网易腾讯本周齐发力 六款新游开测,14,news_game,"G-STAR,冰风溪谷,沙盒,方舟生存进化,博德之门,荒野大镖客,资料片,复仇者联盟3 ：无限战争,异域镇魂曲,猎魂,明日之后,流放者柯南,永恒之柱"
放弃单挑 盟友要把美军拉下水 图谋破产 美国该如何收场,11,news_world,"叙利亚,读卖新闻,以色列,伊朗,内塔尼亚胡"
为上港与贵州恒丰两家俱乐部点赞 两家俱乐部一起致力于公益事业,3,news_sports,"家俱乐部点赞,贵州恒丰两,贵州,公益事业,家俱乐部"
为什么2018 5 9晚上QQ发消息一直出现感叹号,8,news_tech,
越帮越忙 特朗普老友再发声 救火不成反添乱,11,news_world,"本周,国情咨文,丹尼尔斯,科亨,封口费,鲁迪·朱利安尼,朱利安尼"
如何在创业的浪潮中 找到属于自己的创业道路,4,news_finance,
临沂农商行 信用社 股金分红怎么样 最近几年如何分配,4,news_finance,
到西藏去旅行应怎么注意高反问题,10,news_travel,
可转债卖出该如何操作,12,stock,"转股期内,卖出,可转债,交易规则,股票"
酬金制 破解住宅小区物业管理纷杂困局的利器,5,news_house,"物业公司,酬金制,物业,物业管理,业委会"
炉石传说 炉石设计师玩过的文学梗 炉石设计师必须精通文学,14,news_game,"炉石,魔兽世界,里亚尔,哈利波特,古尔丹,金银岛,弗林特船长"
云南昭通有哪些不错的温泉,10,news_travel,
中国有几个古城,1,news_culture,
横空出世的车载神器 时尚潮流又实用功能齐全 老司机说相见恨晚,6,news_car,"置物盒,遮阳帘,收纳盒,储物盒,车载手机支架"
成功人士之选 四款热门大型车推荐,6,news_car,"宝马,大功率,捷豹,大型车,捷豹XJL,宝马7系"
中国055大驱刷舷号101有何深意,9,news_military,
山西在读大学生 研究生 博士硕士生购房怎么补贴,5,news_house,
戛纳红毯赖着不走停了六分钟 马苏 咱是个实在人,2,news_entertainment,"红毯,如影随心,戛纳电影节,徐立峰,霍建起,马苏"
2018年06月大学英语四六级阅读态度词语汇总,7,news_edu,"的阅读态度词语,大学英语,四六级,不偏不倚,adj.公平"
设施栽培鲜食枣最常见的10大品种,13,news_agriculture,"可溶性固形物,可食率,冬枣,单果,果实"
你旅行时会在行李中带哪些自己的独家好物,10,news_travel,
周黑鸭 微信支付首家智慧门店亮相深圳,8,news_tech,"微信支付,人工智能,智慧门店,图像识别,周黑鸭"
受伤醒来问起男友 母亲说他已死 我去墓地竟见一墓碑写着我名字,0,news_story,"栀子花,傅然,摩天轮,张律师,农家乐"
在旅行途中 如何处理衣服换洗的问题,10,news_travel,
绝地求生更新后后坐力变大 已完美解决 你学会了吗,14,news_game,"SCAR,射击游戏,绝地求生,后坐力,灵敏度"
小伙搞发明机器被厂家退回3次 遭全村嘲笑 成功后月赚2万,8,news_tech,"新疆,农村科技,切片机"
迷你世界是不是抄袭我的世界,14,news_game,
金州勇士 皇家马德里 谁在世界上影响力大,3,news_sports,
土耳其外长 若美拒绝提供F35战机 土将回应,11,news_world,"俄罗斯,国务卿,土耳其,F-35,安卡拉"
王源曝深夜街拍略显疲态 起航新西兰投入新戏拍摄,2,news_entertainment,"小白鞋,王源,王源曝,新西兰,牧尘"
河南有什么好的职业学校,7,news_edu,"高等专科学校,师范学校,高等学校,职业技术学院,职业院校"
广东首个工艺美术产业基地落户江门,4,news_finance,"江门市,中国轻工业联合会,中国传统工艺振兴计划,卢浮宫,江门,司徒捷"
2018年医药板块会有行情吗,12,stock,
加大员工罢工三天 加州大学医学中心患者治疗受影响,11,news_world,"曼萨纳雷斯,加州大学,旧金山,罢工,记者王旖涵摄"
他身高1米83 NBA生涯场均不到9分 情场却让一众卡戴珊男友羡慕,3,news_sports,"巴里亚,NBA,环球小姐,卡戴珊,祖丽卡"
4月主要城市楼市库存环比上升1 2,5,news_house,"成交量,代表城市,城市月度,城市成交面积,一线城市"
越来越多人自驾游不住旅馆 神奇的 房车神器 愉快出行体验,6,news_car,"充气床,房车,自驾游"
尽力而为 买且三思,6,news_car,跑车
青岛楼市观望情绪浓厚 买家减少卖家仍报高价,5,news_house,"二手房,二手房市场,莱西市,李沧区,青岛"
领克02高速遭斯柯达追尾 网友 这质量不愧是沃尔沃的首席大弟子,6,news_car,"保险杠,沃尔沃,吉利汽车,斯柯达,领克02"
宋小宝遇到失散的非洲弟弟 笑翻全场,2,news_entertainment,宋小宝
下跌放量好还是缩量好,12,stock,"价跌无量,价跌量增,个股,缩量"
股票放量下趺 大资金出逃谁在接盘,12,stock,"股票,主力资金,放量"
帮朋友贷了款 一直没能按时还钱 我该怎么办,8,news_tech,
广东饮水机球员都能入选国家队 不是杜锋有私心 他也有苦衷,3,news_sports,"邵英伦,国家队,中国男篮,广东队,深圳队"
佛山禁夜间开盘 鼓励 摇号 售房,5,news_house,"购房者,住建局,房地产,佛山市房产信息网,销售价格区间"
离婚后前妻来看女儿 我留她吃顿晚饭 饭后走进厨房我泪流不止,0,news_story,前妻
15副精美茶生活油画 满满的英伦味道和扑面而来的生活气息,1,news_culture,"Tea,油画,茶壶,艺术家,当代艺术家"
梦幻西游 中最牛称谓是不是御赐金封辅佐王,14,news_game,"梦幻西游,终南山"
美国B 2轰炸机科技水平领先世界多少年,9,news_military,"B-2轰炸机,AGM-129,轰炸机,MK82,战略轰炸机,核炸弹,B-2"
歼20材料多先进,9,news_military,"超材料,歼击机,歼-20战斗机,无线电波,歼-20,歼20"
梅婷出席某活动 网友 这个眼妆 得罪化妆师了么,2,news_entertainment,"得罪化妆师,眼妆,梅婷,梅婷出席"
从睢宁去张家界玻璃栈道怎么去划算,10,news_travel,
韩长赋 乡村全面振兴将在大中城市率先实现,13,news_agriculture,"大中城市,农村部,菜篮子,质量兴农倡议书,韩长赋,农业"
看了恒大主场2 2战平河北华夏幸福的比赛 恒大下半场全面被动的情况你想说什么,3,news_sports,
实拍到巴基斯坦旅游的中国游客 待遇超高很幸福,10,news_travel,"巴基斯坦人,巴基斯坦"
上联 周公难解红楼梦 下联怎么对,1,news_culture,
泰安人速看 太神奇了 泰安古镇银杏园和二棵百年银杏树的故事,10,news_travel,"泰安古镇,青城后山,青城后山双杏园,青城山,山水画"
联想会成为下一个金立吗,8,news_tech,
能接 电话 远程控制 超大7人座 众泰T800新车发布亮瞎你的眼球,6,news_car,"T700,Tye-net,众泰,远程控制,T800,科大讯飞,众泰汽车,众泰T800"
江南水务 江阴市拟上调自来水水价 对公司影响较大,4,news_finance,"自来水,居民生活用水,水价,江阴市,江南水务"
女孩被继母打成 熊猫眼 这样的人根本不配成为父母,2,news_entertainment,"祖国的花朵,熊猫眼,红衣女子,齐齐哈尔,父母爱情"
几百辆日军坦克冲锋 中国军队拿什么阻挡 41个步兵师拿命去挡,9,news_military,"步兵师,台儿庄,反坦克,轻型坦克,手榴弹"
海沧区新阳街道征兵宣传进军营 青年从军热情高,9,news_military,"新阳街道,子弟兵,海沧区,人武部,征兵宣传"
梦幻西游玩家打只九技高连童子 小循环后大功告成,14,news_game,梦幻西游
一招制敌 武警福建省总队龙岩支队新大纲擒敌术3秒KO,9,news_military,"龙岩,敌术,新大纲擒,福建省"
每分钟烧6500美元 特斯拉再次 被 破产,8,news_tech,"愚人节,Model 3,新势力,特斯拉,汽车市场"
猛龙再次耻辱出局请不要怪他 要知道他另一个身份是抑郁症患者,3,news_sports,"詹姆斯,抑郁症,德罗赞,猛龙队,NBA"
庙宇林立的千佛之国 信仰为上的微笑之国 泰国,11,news_world,"泰王国,Thailand,泰国,清迈,大皇宫"
每日幽默一刻 你们知道养鱼的正确地点在哪里吗 这个答案笑尿,14,news_game,"没关系,安琪拉,Buff,售货员,孙尚香"
三皇五帝 现在只记得黄帝 炎帝 其他的三位 帝 和其他三个 皇 呢,1,news_culture,
马云判断未来房价会便宜如白菜 是基于什么逻辑,5,news_house,
成了新区 变得干净 雄安新区这个村变化真大,13,news_agriculture,"拥城村,安新县,保定市,高阳县"
张朝阳 我什么都有 但我就是很痛苦,8,news_tech,"马化腾,中国互联网,搜狐,张朝阳,互联网"
我递给孙子一包糖炒栗子 亲家母一把打落 听到对话我痛哭流涕,0,news_story,"亲家母,亲家公,糖炒栗子,小孙子,土鸡蛋"
SUV销量排名的冠军 1 5T 7速湿式双离合 进口品牌压力大了,6,news_car,"RX5,哈弗H6,格特拉克,副驾驶,H6,哈弗,SUV,电动调节"
上联 梅花落砚香薰字 如何对下联,1,news_culture,
清朝最惨皇后 生前生不如死 去世之后 盗墓贼还对她尸体做此事,0,news_story,"慈禧太后,同治帝,盗墓贼,阿鲁特,清东陵"
种植前景最好的柑桔品种是什么,13,news_agriculture,
想要打败以色列有多难,11,news_world,
私家两厢车拉水果被罚 车主喊冤 网友 那要后备箱有什么用,6,news_car,"两厢车,面包车,后备箱"
省里公示教改示范建设学校 三明49所 有你的母校吗,7,news_edu,"基础教育,义务教育教改示范性建设,教育厅,尤溪县,福建省"
比普拉多良心 这车硬汉不输陆巡 四驱配非承载 23万号称开不坏,6,news_car,"普拉多,BLIS,起步价,丰田普拉多,撼路者,硬汉SUV车型"
从市场角度看全域旅游的发展趋势 全域旅游概念的解读,10,news_travel,"国家旅游局,旅游业,交通运输业,全域旅游"
以色列防空系统拦截了肉眼看不到的机枪子弹是真的吗,9,news_military,
世界将目光再次投向中国 中国又一张国家名片或即将横空出世,9,news_military,名片
一个二本的学生 怎么才能比得上双一流的学生,7,news_edu,
世乒赛夺冠后 刘诗雯调侃自己在职业生涯末端 两年后奥运会还能见到小枣吗,3,news_sports,
李忆涛 人去世 银行 微信 支付宝里面的钱怎么办,4,news_finance,"公证处,遗嘱继承,受理通知单,被继承人,法定继承,公证申请表,继承人"
18个月宝宝睡梦中死亡 这些睡眠安全知识要牢记,11,news_world,"儿科学,毛绒玩具,小宝宝,泰迪熊,婴儿床"
三种饼类饲料脱毒方法,13,news_agriculture,"菜籽饼,赖氨酸,胰蛋白酶,棉籽饼,硫酸亚铁"
福建文博教育招聘 未来同事请留步 这里有一份好工作 请查收,7,news_edu,"谋而后动,市场部,销售部,仓山区,文博教育,招聘岗位,周工作排班表,教务部"
今日午盘 石油板块走高 沪指翻红微涨0 06,12,stock,"可燃冰,李克强,两桶油,草甘膦,页岩气"
阜阳已建成4处公共停车场 1400个停车位 快看都在哪,5,news_house,"初步设计,停车楼,公共停车场,阜阳,生态停车场"
安新县第十五届中小学生艺术节书画比赛圆满结束,7,news_edu,"儿童画,中小学生,艺术节,书画,安新县"
十八岁的你 二十八岁的我,9,news_military,"强军梦,十八岁"
军人在什么情况下能够将退役的军犬带回家 看完后令人心酸落泪,9,news_military,"军人,军犬"
8万不到 左手奔驰GLA外观 右手宝马内饰 你为谁刷卡,6,news_car,"X5,逍遥,CVT,L4,汉腾X5,陆风汽车,陆风"
直击中国最难走的立交桥 上去容易下去难 导航都不知道如何提示,6,news_car,"司机,立交桥,黄桷湾立交,北京,西直门立交桥"
当前中国股市到底该不该抄底,12,stock,"股市,底部,中国股市,抄底,股票"
入摩 倒计时 A股现三大变化接轨国际,12,stock,"A股,外资,申万宏源,QFII,MSCI,WFOE,RQFII,成份股,瑞银,A股市场"
经常看到俄罗斯军舰全部结冰 会影响舰体强度吗 会变的很脆吗,9,news_military,"结冰,军港,阿留申群岛,军舰,焊接"
亚太股份 为红旗多款车型提供产品,6,news_car,"红旗汽车,制动盘"
我结婚时婆家没出彩礼 小姑子出嫁当晚 婆婆的做法让我感动落泪,0,news_story,"公公婆婆,过意不去,小姑子"
NBA东西部决赛哪个队晋级概率大些,3,news_sports,
比特币期货跌破9000美元创四周新低 本周跌超10 终结四周连涨,4,news_finance,"交易所,美国,比特币,BTC,比特币期货"
泸州江阳区举办首届 家风家训 绘画大赛,1,news_culture,"绘画比赛,泸州,江阳区,红星美凯龙,家风家训"
秦皇岛房价为什么这么高,5,news_house,
凯尔特人输球不可怕 但让球迷担心的是输球后绿军迎来的阵容变化,3,news_sports,"凯尔特人,西蒙斯,76人,麦康奈尔,恩比德"
歼 20首次海上实训日后恐绕岛 湾湾狂言 歼 20一升空就被发现,9,news_military,"中国空军,绕岛巡逻,歼-20,运-20,歼-16"
房价好不容易开始下跌了 售楼处里为何反而冷清了,5,news_house,
购房需谨慎 鹿泉官方发布三项目风险提示,5,news_house,"云杉,购房,鹿泉区,工程规划,许可证"
这些车的内饰一个比一个惊艳 看过绝对不想下车,6,news_car,"Giulia,雪佛兰,LF-A,保时捷,速双离合,E-CVT,指导价,领航员,凯美瑞,TNGA,宝马3系,万元动力系统,QX50,Ward ’ s Auto World,F150,Panamera,Auto"
共享单车领域又遇 收购潮 ofo真的难逃收购命运吗,8,news_tech,"美团,滴滴,网约车,共享单车企业,共享经济"
刘国正率队作客央视节目 盛赞马龙是伟大的球员 你如何评价这番话,2,news_entertainment,
5月5日美股低开高走 大涨将近400个点 对下周一A股走势有什么影响,4,news_finance,
19考研 糟糕 备考初期出现问题了,7,news_edu,"知识点,补习班,专业课,复习,考研班"
结婚前用媳妇的住房公积金买的房子 首付和分期都男方付的 离婚的话房子要怎么判,5,news_house,
全球化战略又进一步 云媒股份携业界泰斗岡崎茂生打造国际化路线,4,news_finance,"马玉峰,山东大学,品牌战略,云媒,VI,亚马逊"
王者荣耀 单排打到王者的人有多厉害 都是什么人,14,news_game,
回复李书福 忽悠不忽悠 市场说了算,6,news_car,"车新势力,造车新势力,比亚迪,车市裴聊,吉利汽车,造车,李书福"
美国每年有数万人死于枪击案 为何却一直不强制禁枪,11,news_world,
一股累计减持达到5 股民 有本事现在继续减 想人家帮你拉,12,stock,"控股股东,复星医药,大北农,孚日股份,实控人,沧州明珠,北陆药业,华东数控,增持,达意隆,华友钴业,精艺股份,中孚实业"
淄博南广场征迁改造项目再获新进展 373户居民验房交钥匙,5,news_house,"湖田街道,良乡,孟令忠,验房,良乡社区"
千里单骑川藏行 见从未见过的自然景观 难以想象的高原公路,10,news_travel,"骑行,318川藏线,川藏线,自行车,雅江县"
巅峰时期的西班牙男篮如果打NBA是什么水平 能打入季后赛吗,3,news_sports,
老公病重 娘家只借给我2千 4年后邻居说一话 我哽咽落泪,0,news_story,
RNG解决签证问题 已经整装待发出征msi 你怎么看,14,news_game,
印尼监狱暴乱致6人死亡,11,news_world,"囚犯,印尼,伊克巴尔,印度尼西亚,雅加达"
作为一个三线城市 呼和浩特房价为什么涨幅这么快,5,news_house,
那些和酒有关的歌曲 每一首都值得慢慢地品,1,news_culture,"成都,跟往事干杯,干杯，朋友,红颜,消愁,一杯敬,朋友,春风十里"
遭Shark等对手包抄 戴森好日子终结麻烦不断,8,news_tech,"吸尘器,中国市场,小家电,戴森,Shark"
永年农产品批发市场2018年4月份芹菜价格行情分析,13,news_agriculture,"农产品批发市场,永年,芹菜价格,芹菜"
中国最赚钱公司排行榜 移动第6 腾讯第14 阿里第16 第一,8,news_tech,"阿里巴巴,中国烟草,腾讯,马化腾,盈利能力强"
智能公务舱时代来临 全新奥迪A8L重新定义奢华座驾,6,news_car,"宝马7系,Coupe,S500L,MINI,全新奥迪A8L,A4L,豪华车,公务舱,A8L,奔驰S级,奥迪"
民国时期 人文学科大师辈出的原因是什么,1,news_culture,
抛开 坟墓 和死人骷髅对话 这能力太厉害了,2,news_entertainment,骷髅
还有哪些区块链年入千万的机会,14,news_game,"区块链游戏,域名,矿机,比特币,区块链"
比特币 你不可不知的5件事,8,news_tech,"金融资产,数字货币,私钥,区块链,公钥"
马健称火箭队将进入总决赛 火箭真能战胜勇士吗,3,news_sports,
反手握拍及反手挑球教学,3,news_sports,"羽毛球,手握拍,拍柄"
射洪县官升镇发扬 红五月 精神助推乡村经济向前进,13,news_agriculture,"官升镇,发展乡村,红五月,蓬溪县,射洪县"
联想把5G关键票投给了高通 掀起全国的舆论风暴 企业有权利按照自己意愿决择吗,8,news_tech,
平安好医生上市第二日破发 对此你怎么看,12,stock,
上联 泰山黄山赵本山 如何对下联,1,news_culture,
农村俗语 好亲朋莫交财 交了财 断往来 现在这句话还有没有道理,13,news_agriculture,
为什么子弹壳是铜的而不是铁的,9,news_military,
在沪房企竞做 美好生活 服务商,5,news_house,"成交量,美好生活,房地产,长租公寓,二手房"
发生了什么 美军又一航母接近完工 国产航母还未服役就落后,9,news_military,"美国海军,艘福特级航母,国产航母,中国航母,尼米兹"
九鼎投资大概成功投资了多少家上市公司,12,stock,
怎样做白酒,4,news_finance,
身价过亿的老板 当他弯下腰时 我看穿他发达的奥妙,0,news_story,"压铺板,湖南,马云龙,老班长,马云"
我三婚 婆婆拿我当宝贝 小姑子无心两句话 才发现被骗了,0,news_story,小姑子
在英国 买不起房 那就买船住水上吧,11,news_world,"Boswell,停泊费,英国"
蔡徐坤会成为下一个王俊凯吗,8,news_tech,
拍出 暗算 风筝 的他被网友称之为最自恋的导演和演员,2,news_entertainment,"陈数,娱乐圈,演员,风筝"
金星为什么那么厉害,2,news_entertainment,"现代舞,金星秀,金星,舞蹈,舞蹈家,勋章"
权力世袭制有什么弊端吗,2,news_entertainment,
全国知名专家共同把脉延安旅游 深入探讨延安全域旅游新格局,10,news_travel,"延安市,延安,全域旅游,孙矿玲,旅游发展,延安市全域旅游发展规划"
重磅 关于地下停车位办证难问题 萍乡市国土局出招了,5,news_house,"萍乡市,地下空间国有建设用地,国土资源,用地使用权,征收标准"
决不允许分裂 解放军亮剑众多杀手锏 触碰红线 必将惨败,9,news_military,"解放军,宫古海峡,我国海军,常规潜艇,核能源"
老板不想用实股激励 如何让员工相信 虚拟 股呢,4,news_finance,"虚拟股,转为实股,虚拟股激励,创业者,工商局"
匠心精筑美宅 安放一生所望 城中央首席全优华宅即将发售,5,news_house,"聊城,徒骇河风景区,小高层,二干渠,孟达"
如何查阅股票基本面资料,12,stock,
如何运用支撑阻力线来判断走势,12,stock,
小王子不准穿长裤 那些奇奇怪怪的皇家规定,11,news_world,"玉米片,皇家成员,屈膝礼,小王子,图源Marie"
故事 妻子脚伤不愈 儿女整日疯癫 只因他放了只千年青蛙,0,news_story,"泥水匠,老太婆,六叔,老张,家家户户"
预售公示 阳光悦府492套房源获预售许可 5月4日发售,5,news_house,"房源,汕头市,汕头,房地产,悦府"
Mlxg被KZ套路打崩 厂长对不起 大龙红buff蓝buff全丢了,14,news_game,"LPL,蓝Buff,MSI,Mlxg,RNG"
马云又出惊人言论 8年后房子最不值钱 他的话可信吗,5,news_house,
最近 咱鹤壁在抖音上有点火,10,news_travel,"抖音,摩托车,海底捞,自助游,鹤壁"
蔡少芬 出席活动 网友 没有固定的穿这衣服需要多大的勇气,2,news_entertainment,"蔡少芬,勇气蔡少芬"
球星遭遇包夹有多夸张,3,news_sports,
聚焦第二十四届兰洽会 兰州市将举办16项重点活动,4,news_finance,"兰州新区,甘肃,兰州市,兰州,丝绸之路"
谁说农村不如城市 我家一个厨房都比城里的客厅大,13,news_agriculture,"水磨石,鸽子楼,城里人,露天厕所,农村"
上联 旷野无人风自语 有哪些合适的下联可对,1,news_culture,
我国五大剧种中 到底哪个戏更受欢迎,1,news_culture,
张檬发长文道歉认插足 被网友质疑名为道歉实则撇清自己,2,news_entertainment,"刘雨欣,小三,张檬,夏家三千金,摩羯座,如果爱"
这只个股短线有望涨停 大胆布局,4,news_finance,"成交量,短线,MACD,个股,股价"
Lady Gaga穿成这样我竟然都没认出来,2,news_entertainment,"钟楚曦,Gaga Instagram,Buy,周冬雨,衬衫裙"
孕妇可以吃山粉饺吗,11,news_world,
希拉里去新西兰鼓吹 中国渗透 外交部 搬弄是非,11,news_world,"希拉里,王盼盼,政治权力,新西兰,国务卿"
上学越来越贵 美国学生贷款量突破1 5万亿美元,4,news_finance,"门生贷款,贷款量,结业生,债务,财望见,美国粹生贷款"
便宜的翻译机靠谱吗 今天我们就来聊一聊,8,news_tech,"翻译蛋,魔芋AI翻译机,科大讯飞,网易有道,翻译器"
爷爷带孙女逛超市 孙女把葡萄都捏碎 听到他的话 员工不敢再拦,0,news_story,"孙女,葡萄,逛超市"
我惩罚老公给我洗脚 婆婆突然开门 老公的话让我热泪盈眶,0,news_story,"开玩笑,手足无措,东方网,婆媳关系"
中国自主形成谱系完备 军民融合的大中型飞机体系,9,news_military,"新闻和报纸摘要,张明浩,航空工业,水陆两用飞机,中国航空工业集团,AG600"
上课时学生手机响个不停 老师一怒之下把手机摔了 家长拿发票让老师赔 大家怎么看待这种事,7,news_edu,
为什么有的街边摆摊卖水果的价格比水果店进货价还便宜,13,news_agriculture,
迟到的中文版蛙儿子回归 但你还是那个佛系少年吗,14,news_game,"蛙儿子,明信片,阿里巴巴,佛系,旅行青蛙中国之旅,旅行青蛙,青蛙"
美国退出伊核协议 它的企图是什么,11,news_world,
一夜春风去 怎么对,1,news_culture,
为什么网易的末日游戏 明日之后 开测第一天评分就暴降,14,news_game,
中国武警 雪豹 突击队在国际特种兵比武中荣获亚军,9,news_military,"雪豹,安曼,天剑,黎巴嫩,中国武警"
到北京旅游什么时候最好,10,news_travel,
纺织服装零售回暖 需要重点关注品牌,4,news_finance,"纺织品,零售额,品牌服饰,上年同期增速,出口额"
车辆异地违章怎么办 这四个方法简单易操作,6,news_car,"支付宝,行驶证,代办机构,驾驶证,违章代办"
初二 如何学好英语,7,news_edu,
这几台SUV最适合城市使用 价格亲民车型酷,6,news_car,"H7,SUV,CS75,RX5,哈弗H6,双离合变速箱"
一辆 房车 诠释的爱在旅途,6,news_car,"房车,爱在旅途"
鲁哈尼 即便美国退出伊朗也将继续遵守伊核协议,11,news_world,"伊朗,伊核协议,鲁哈尼,德黑兰,核武器"
张家口房价以什么为支撑 没有大型工业企业 工资都在3 4千之间 房价1 5,5,news_house,
农村大妈放着一千斤作物不卖 没想到雪藏一年后价格翻倍,13,news_agriculture,农村
宏村镇 探头下的小红旗 景区里的先行者,10,news_travel,"古民居,党员经营户承诺书,双比双争,宏村,宏村村,经营户"
张大仙高调宣布新女友 难道被盗号了 灰灰感觉恶心至极,14,news_game,"女朋友,张大仙"
玲珑轮胎宣布 将建第二个海外工厂,4,news_finance,"玲珑轮胎,贸易壁垒,泰国,生产基地"
已怀孕数月却坚持拍戏的5大女星 前四位被赞敬业 她却被骂惨,2,news_entertainment,"甄嬛传,那年花开月正圆,画壁,蔡少芬,内地人,小时代3,孤芳不自赏"
京张高铁2019年通车,10,news_travel,"下花园,张家口南站,北京北站,张家口,宣化"
城里买房升值 这对江西父子却80万回农村盖别墅 为面子还是啥,13,news_agriculture,"自建房,红白喜事,旋转楼梯,化粪池,别墅"
最美教师 霜叶红于二月花 沙坪坝区凤凰实验学校叶红,7,news_edu,"重庆市,沙坪坝区,华龙网,辅导员,幸福腰鼓,诲人不倦"
5 12 是个沉痛的日子 请不要再用照片和细节戳痛灾民,11,news_world,"灾区,地震"
最娇嫩的鱼 传说被碰下鱼鳞就会死去 即使人工养殖都达几千一斤,13,news_agriculture,"关注六维自然,鲥鱼,人工养殖,长江三鲜,光武帝"
洗之朗战略签约腾讯 独有智慧健康生态云系统全面启动,8,news_tech,"中国智造,大数据,马桶盖,一物一码,洗之朗"
南京师范大学赵凯教授莅临青华分校做高考心理辅导讲座,7,news_edu,"社会心理学,心理学,心理辅导,南京师范大学,管理心理学"
穿越火线 跑酷是一个时代我们的时代,14,news_game,穿越火线
上联 雪压梅香诗词尽 下联怎么对,1,news_culture,
廖英强被证监会处罚1 2亿 你怎么看,12,stock,
为什么 红楼梦 中 袭人会遭其他女孩子讨厌,1,news_culture,
长江为什么叫江 黄河为什么叫河 江和河是什么区别,1,news_culture,
吐槽大会李诞 我今天亿万身家源自参透马云成功原因后思想的转变,8,news_tech,"李诞,马云,身家"
一万元投资做小生意 做什么好,4,news_finance,
我是一个新时代的农民 感到骄傲 感到自豪,13,news_agriculture,"爱华植保,李子,言水果种植专业合作社,石宝李业,脆红李,李子酒"
高盛背书 新债王 预言大宗商品将暴涨400,4,news_finance,"Jones,Tudor,油价,大宗商品,新债王"
明清时期 钧瓷钧窑的发展状况是怎么样的,1,news_culture,
2018购房指南 五种二手房千万不能买,5,news_house,"二手房,法拍房,购房者,酒店式公寓,工业区"
为什么中石油和中石化会亏本,12,stock,"油价,桶油当量,中石化,中海油,中石油"
钢铁侠遭股神追击 马斯克认为 护城河 说法愚蠢 巴菲特怎么看,8,news_tech,"人工智能,马斯克,伯克希尔,亚马逊,贝索斯,护城河"
何炅爆料马天宇郑爽关系不一般 王大陆当面挑战 我也喜欢郑爽,2,news_entertainment,"三国机密,悲伤逆流成河,北京电影学院,马天宇,郑爽,王大陆,何炅"
车长4米8 号称国产最美SUV 选装5 6 7座布局 仅10万起步,6,news_car,"防抱死系统,二手车,SUV,LDWS,风火轮"
种了一亩地蒲公英 该怎么卖,13,news_agriculture,
西部决赛面对勇士死亡五小 你认为火箭会排出怎样的阵容,3,news_sports,
准女婿初次来家我热情招待 饭后他掏出礼品盒 我怒赶走他,0,news_story,"准女婿,女婿,小伙子"
中蜂种蜂的选择 刘德裕,13,news_agriculture,"工蜂,王台,蜂王"
47岁钟丽缇献身妇产科 怀第4胎,2,news_entertainment,"男星,钟丽缇,妇产科,Christy"
15万左右落地 逍客 ix35 xrv选谁好,6,news_car,
有哪些基金赎回不需要手续费,4,news_finance,
第二代农村庭院太阳能灯 免拉线 零电费 智能感应自动亮灯,13,news_agriculture,"蜡烛灯,庭院灯,LED,太阳能,农村"
婆婆真能干 乡下的闲置荒地经她开荒 满园的果瓜吃都吃不完,13,news_agriculture,"杏子,长果桑,叶碧绿,车厘子,营养价值"
這地方被地质学家誉为 中外罕见的古火山博物馆 和 海底兵马俑,10,news_travel,"强力入驻开发泰禾集团,地质学家,古火山美景古火山美景古火山,博物馆,古火山"
在外打工 老婆要40万装修新房 回家一看 果断准备离婚协议,0,news_story,
阿根廷锋线太奢侈 七大世界级攻击手 夺世界杯就靠火力,3,news_sports,"梅西,伊卡尔迪,攻击手,阿根廷,桑保利"
要学赵孟頫 先学宋高宗 方知精妙笔法从何而来 赵构行书千字文,1,news_culture,"宋高宗,赵孟頫,赵构,行书千字文,千字文"
王者荣耀 盘点4位最强势法师 带你上分王者,14,news_game,"诸葛亮,法师,机动性,干将莫邪,高渐离"
不愁游戏本表现差劲 好游戏装备一次搞定,14,news_game,"散热器,英特尔,电脑,笔记本电脑,性能表现"
怎么对激光进行外力干预,8,news_tech,
南京保卫战中 守军唐生智的部队有多少人在守卫南京城,9,news_military,
自媒体真的很赚钱吗 巧妇九妹 王小 型男 你觉得呢,13,news_agriculture,"农村生活,型男,农村"
最好的F 15与F 35作战会怎样 结果却让人想不到,9,news_military,"战斗机,波音公司,电子战,战机,F-35"
为了孩子上学 多少妈妈主动放弃更高职位,7,news_edu,私立学校
飞阅桂西山村旮旯田,13,news_agriculture,"隆林各族自治县,无人机拍摄,山间旮旯田,隆林各族自治县新州镇含山村,无人机"
巴菲特2018十大金句 中国有很多机会,4,news_finance,"马斯克,伯克希尔,护城河,阿贝尔,巴菲特"
巅峰时期的内德维德是什么水平,3,news_sports,
如何防治辣椒种植疫病,13,news_agriculture,"百菌清,辣椒疫病,甲霜灵,蔬菜,杀毒矾"
妈妈是超人 嗯哼自创化肥绕口令 惊呆霍思燕 直夸嗯哼懂的真多,2,news_entertainment,"霍思燕,嗯哼,绕口令,妈妈是超人"
杨幂童年照曝光 比洋娃娃还可爱,2,news_entertainment,"杨幂,女明星,唐明皇,娱乐圈,牛仔裤,颜值"
底部放量是什么意思,12,stock,"公司基本面,宏达股份,限售股,江苏银行,华联综超"
数学是怎么来的,7,news_edu,
小叔子结婚我随礼两万 弟媳对着婆婆说一番话后 我决定分文不给,0,news_story,"小叔子,弟媳,农村"
DNF玩家中的画师大触 他笔下的阿拉德世界也许你都没看过,14,news_game,"禾月,谷雨,刀剑神域,御宅动漫学院,游戏设计,插画师,玩家,小满,阿拉德宿命之门"
离婚后 你还是孩子的爸爸 至于我们 就此路人吧,0,news_story,
上市几个月市竟值跌去1400亿 众安等如此暴跌有缘由,12,stock,"港元,pre-IPO,上市,雷蛇,发行价,CAGR,易车网,中国平安,众安在线"
汶川大地震十年 杨幂关晓彤TFBOYS众星发文纪念,2,news_entertainment,"杨幂,关晓彤,汶川大地震,tfboys"
高考 白卷 考生10年后考取大专 后悔浪费高考机会,7,news_edu,"高考,徐孟南,幡然悔悟,白卷,专升本"
上证指跌到1000点会怎么样,12,stock,
迷你世界 100只恶狼VS猎狗 谁赢了可以去地心击杀远古黑龙,14,news_game,
AG超玩会一旦降级还能打回来吗 看了现在的AS仙阁你就知道了,14,news_game,"KPL,AS仙阁,预选赛,仙阁,AG超玩会"
清迈好玩吗,10,news_travel,
面对网友对麦迪负面新闻的质疑 杨毅回复 都是真的 你怎么看这件事,3,news_sports,
苗族女大学生返乡创业 发展魔芋产业 助推乡村振兴,13,news_agriculture,"芦笙妹,野洞河镇,万丰村,黄平县,乡村振兴"
知道是谁告了你的黑状 不要说破他 但可做几件让他惶恐不安的事,0,news_story,"黑状,告黑状,哑巴亏,打边鼓,横行霸道"
今幸人参皂苷 高考要来了 错题集准备好了吗,7,news_edu,"应试教育,错题,隔离法,数学,错题本"
健康扶贫工作 陕西抓好健康扶贫五项重点工作,13,news_agriculture,"乡镇卫生院,贫困县,贫困人口,健康扶贫,镇巴县"
优越感再受挫 美军高官坦言 中国不再怕我们,9,news_military,"防务新闻,产经新闻,军事力量,兰德公司,军事现代化,国强必霸,布朗"
从美国旗杆镇 flagstaff 到拉斯维加斯有长途巴士或者火车之类的公共交通么,10,news_travel,
课堂会伴随我们职业生涯,7,news_edu,"课堂,教师,枯燥乏味,职业生涯"
烟火与献祭 将于5月31日登陆PC和Switch,14,news_game,"冒险游戏,Sail,Switch,Xbox One,Games,烟火与献祭"
经典故事 善恶有报,0,news_story,"李子树,雷家庄,于洪礼,永福,雷员外问,于德功,青石板,嫂子,雷员外"
图画说聊斋志异 画皮,0,news_story,"那女子,道士,王生,陈氏,老太婆"
武汉三喜福特探险者降价促销优惠8万,6,news_car,"武汉市,武汉,探险者,万2017,万8.00"
都想走的泰国自由行 无数攻略依旧踩坑的总结,10,news_travel,"MRT,工本费,起步价,BTS,泰国"
恶果之地 5月4日正式上线 人类未来等你拯救,14,news_game,"游戏,恶果之地,玩家,BOSS,射击游戏,Realm"
这个专业毕业三年内涨薪最快 有很大上升空间,7,news_edu,"自筹经费,本科毕业生,同等学力,考研,硕士生,大学生就业年度指标"
有哪些名字中带有国家或地区名的食物实际在当地并不存在,11,news_world,
我媳妇是农村人 村里人都笑话我 五天后 家家户户都往我家送钱,0,news_story,"农村,村里人,泼脏水,昆明,脊梁骨"
夫妻吵架吵得家里鸡犬不宁 没想到竟让哑巴儿子开口说话了,0,news_story,"不语,开口讲话,施文,秦丽,鸡犬不宁"
邻国高铁出400亿对外招标 多国争抢 网友 不是日本就行,10,news_travel,"日本,新加坡,旅游业,泰国"
哈勃岛的粉色沙滩 想去,10,news_travel,"粉色沙滩,想去,哈勃岛"
周五有色板块一枝独秀 下周有机会吗,4,news_finance,"投资者,板块涨幅,有色板块,个股"
省里定了 张家口这个县迎腾飞机遇 是你家乡吗,13,news_agriculture,"河北省,有机食品,全程机械化示范县,技术路线,马铃薯"
俺是砀山乡下人 以前俺类日子是这样过类,13,news_agriculture,"砀山,蹦蹦床,麦秸垛,农村"
用了支付宝借呗真的不能按揭买房吗,5,news_house,
警惕黑客利用新方法绕过Office安全链接,8,news_tech,"URL,Office365,HTML,黑客,Microsoft"
这队没救了 猛龙解雇最佳主帅 但替身更怕詹皇 60胜都被他横扫,3,news_sports,"老鹰,猛龙,詹姆斯,主教练,凯西"
长江策略 4月陆股通大举净流入 全球资金或提前布局MSCI,12,stock,"长江,MSCI,a股,金融,净流入"
手机能连接鼠标和键盘吗,8,news_tech,
歼 20深入远海训练 剑指一招破敌,9,news_military,"F-35A,空军,空中加油机,F-22,歼-20,歼20,战斗机"
聊斋里集智慧与美貌于一身的女子 如何斗智斗勇为丈夫报仇,0,news_story,"唐氏,赤壁赋,聊斋,王十八,金大用,庚娘,不当紧,谈笑风生,媳妇儿"
曼德拉真的算是伟人吗,11,news_world,"马丁路德金,曼德拉,南非,白人"
上联 一池碧水映明月 如何对下联,1,news_culture,
杭州最值得游玩的十大景点 原来除了西湖 还有这么多,10,news_travel,"九寨沟,浙西大峡谷,杭州,宋城千古情,杭州野生动物世界"
母亲万岁 细数NBA里那些永远的MVP,3,news_sports,"杜兰特,韦德,哈登,NBA,艾佛森"
上联 鸦鹊枝头谈福祸 下联怎么对,1,news_culture,
注会综合阶段和专业阶段考试有何不同,7,news_edu,"专业阶段,注册会计师,会计,考查,综合阶段"
高考 留学 三模后 考生想升名校如何做到万全之策,7,news_edu,"ACT,高考,出国留学,杜伦大学,GAC"
行业独角兽如何跌入深渊 远程医疗 帝国 溃败纪实,4,news_finance,"地方医院,融资租赁,财经,代理费,融资租赁公司,韩春善,远程医疗项目,招投标法,医院,还款,远程视界,租赁公司"
上联 雷電雲雾都有雨 求下联,1,news_culture,
富士康拟发行约19 7亿股 股票简称 工业富联,12,stock,"股票,中金公司,招股说明书,首次公开发行,富士康"
端着机枪狂扫一顿就能打倒一片 老兵道出真相 你能站得住算我输,9,news_military,"轻机枪,步兵班,扫射,机枪,东史郎"
当爸后玩遍真人秀 张杰上 奔跑吧 与陈赫李晨邓超合照完胜,2,news_entertainment,"奔跑吧,经典咏流传,双胞胎,真人秀,谢娜,王牌对王牌,放开我北鼻,创造101,一封家书,张杰,异口同声"
曾经无家可归 现如今他用沙子建造了一座城堡 人民争相观摩,10,news_travel,"城堡,里约热内卢,国王,马托利亚斯,俞敏洪"
2018年上海高考时间和安排确定,7,news_edu,"上海市,禁止迟到考生入场,提前交卷出场,科目考试,30考生"
梦幻西游玩家入队满人后却无故被踢 一问队长瞬间火了,14,news_game,"梦幻西游,玩家"
如果房地产未来不是最好投资方向 会转什么行业呢,12,stock,"房地产,债券,P2P,房产,风险投资"
开封有十个中国 世界之最 毛泽东视察黄河感叹 这就是悬河啊,1,news_culture,"清明上河图,自序,乐府解题,全真教,开封府题名记,碑廊,中国文化史辞典,黄河,开封市,开封"
故事 在魅力南疆只要腰包足 什么都可以买到 包括漂亮的女妖,0,news_story,"南疆,岚海城,天宝楼,龙渊城,符皇"
进化论和人有什么关系,7,news_edu,
萝卜章 事件拖累净利巨降63 国海证券换帅传闻市场关注,12,stock,"中信证券,海通证券,公司债,刘世安,摩根士丹利,上证指数,海联讯,证券公司,平安证券,华泰证券,万福生科,宁波银行,国海证券,资产管理,国泰君安"
在 王者荣耀 中玩射手应该注意些什么,14,news_game,
换个方式过周末 睡在山水间 住在人情里,10,news_travel,"司马台长城,沙漠玫瑰,望京楼,密云水库,密云"
女生在什么时候最好追 这十个女生的回答 单身入,0,news_story,"乘人之危,男朋友"
夫子庙秦淮河风光带,10,news_travel,"蟹黄包,秦淮河,南京,博物馆,夫子庙"
5月份菏泽城区最新房价出炉 19盘价格出现波动 楼市报价趋于理性,5,news_house,"三房,售房源,菏泽,中华路,长江路,均价,交汇处,商铺,写字楼,平优惠政策"
詹姆斯又一次横扫猛龙 希望猛龙早点战胜心魔,3,news_sports,"骑士,系列赛,猛龙,詹姆斯,常规赛"
在职场有几句话烂在肚子里也不要跟同事说 人心难测啊,0,news_story,"职场新人,职场"
约旦军用装甲车用上日本车底盘,9,news_military,"轻机枪,APC,指挥官,装甲运兵车,约旦"
为什么有大单进入股价还会下跌,12,stock,"主力,散户,横盘,股价,福田汽车"
SQL数据链将会是第二个比特币吗,4,news_finance,"数字货币,多个币,手续费,SQL,矿机算"
盘点一下那些年让你一见倾心的帅哥明星们吧,2,news_entertainment,"仙剑奇侠传三,伪装者,仙剑奇侠传,何以琛,海豚湾恋人,天涯明月刀,中央戏剧学院,傅红雪,花千骨,我的前半生,琅琊榜,日出,代表作,丑女无敌,轩辕剑之天之痕"
我是一名房产中介 现在半年没开单了 还要坚持下去吗,5,news_house,
NBA的8大经典外号 就服中国球迷 人类蠕动精华 皇阿玛,3,news_sports,"小飞侠,中国球迷,NBA,皮尔斯,艾弗森"
长安区4项目建筑工程竣工验收 含恒大御景半岛,5,news_house,"建筑工程竣工验收备案,龙溪城,国瑞城,恒大御景半岛,长安区"
如果特朗普 撕毁 伊朗核协议 这个世界将面对什么,11,news_world,
联合国要换地方了 他们却纷纷表示拒绝来本国家,11,news_world,"第二次世界大战,联合国,纽约,美国"
汽车打火用踩离合吗,6,news_car,"离合器,打火,踩离合,起动机,变速器"
导弹驱逐舰与远洋货轮相撞 谁更有优势,9,news_military,"导弹驱逐舰,远洋货轮,Destroyer,美国海军,SH-60,伯克级驱逐舰"
8省区4100亿养老金入市 对后市大盘影响有多大,12,stock,"养老金,股市,养老金入市,入市,社保基金"
若伊朗减产 中国原油缺口谁来填,11,news_world,"OPEC,俄罗斯,油价,石油,原油,中石化,中国石油,伊朗"
小二的老婆 现代故事,0,news_story,"老妈子,小二,老婆,修车铺,老王头"
英雄联盟RNG战队输给KZ后引台湾网友热议 FW随便赢这样的RNG 你怎么看,14,news_game,
载有45人的难民船在希腊海域失踪 搜寻行动正进行,11,news_world,"希腊,克里特岛,希腊海岸警卫队,难民,海岸警卫队"
车钥匙的小皮带有多重要 丢了你可没地方哭,6,news_car,"备用钥匙,钥匙,皮带丢,皮带,小秘密"
说这是福清第一豪宅别墅 你能给几分,5,news_house,"别墅,豪宅,福清"
肥城培育新型职业农民近千人 助力乡村振兴,13,news_agriculture,"亩均收益,合作社,肥城,李建平,跟踪服务"
菲兹戴尔谈心仪球员 我不想要软蛋,3,news_sports,"主教练,尼克斯,戴尔"
未来5年教师会成为令人羡慕的职业吗,7,news_edu,
百度百科说 北洋政府是中国历史上第一个以和平方式完整继承前朝疆域的政权 这句话对吗 你怎么看,1,news_culture,
安徽省教育厅 多管齐下预防中小学生沉迷网络,7,news_edu,"中小学生,家庭教育,沉迷网络,教育厅,安徽省教育厅"
大起大落十余年仍未完待续 分众传媒还能 坐电梯 攀升吗,4,news_finance,"江南春,新潮传媒,分众传媒,七喜控股,纳斯达克"
5月12日QGhappy能否大比分战胜GK战队 重回东部第三的位置,14,news_game,
有什么大型 热门 不怎么烧钱的网络游戏推荐,14,news_game,
中国黑客教父 最常见的社会工程攻击,8,news_tech,"攻击者,受害者,网络钓鱼,电子邮件,黑客"
如何评价玩 王者荣耀 从头到尾只要一个英雄的人,14,news_game,"诸葛亮,蔡文姬,王昭君,貂蝉,本命英雄"
这个肥仔是香港电影无法回避的存在,2,news_entertainment,"香港电影,金紫荆奖,电影,最佳男配角奖,斧头帮"
如果特朗普遭弹劾下台 谁会来接替他当总统,11,news_world,
解放军零下40 站岗 为何不装监控呢,9,news_military,
一条路一边是海一边是山 浙江的这个景区很适合自驾游,10,news_travel,"始发站,舟山群岛,筲箕湾,里沙,大青山"
奇瑞拼了 这款SUV配T动力 售9万 要把吉利杀得片甲不留,6,news_car,"银色镀铬,奇瑞,中控台,速双离合,SUV"
中国半导体行业如何从芯片到生态整体突围,4,news_finance,"半导体行业,MCU,生态系统,操作系统,恩智浦,英特尔,DRAM,UNIX,半导体,意法半导体,兆易创新,ISA,芯片"
美国宣布暂停对土售武 土耳其声称将采取报复措施 你怎么看,9,news_military,
特朗普宣布退出伊核协议 国际原油价格升至70美元,4,news_finance,"NYMEX,特朗普,油价,制裁,原油,伊朗,CFTC"
刘亦菲时尚大片 气质颜值完美,2,news_entertainment,
荒野行动 独家秘技 360度无死角作战 网友 带我飞,14,news_game,游戏
佐伯阿汉vs德黑兰独立 强强对话 佐伯阿汉主场占优,3,news_sports,"阿巴斯,塞内加尔,分组赛,乌兹别克,阿汉"
iPhone X碎屏维修要多少钱,8,news_tech,"iphone,零配件,维修费用,AppleCare,iPhone X"
丈夫将疯掉的前妻带回家照顾 我偷偷观察却发现她是在装疯,0,news_story,"文巧,荣花,文巧与小兰,马德功,老婆大人,小兰,男儿有泪不轻弹,宫心计,心慌意乱,饮食起居"
襄垣月嫂培训第二期开课了 免费培训 免费办证 速度上车,13,news_agriculture,"月嫂,剩余劳动力,免费培训,免费办证"
价格相同 是选择一套别墅还是两套商品房呢,5,news_house,"电动车,别墅,楼上楼下,坤鹏论,别墅区,单一"
钱存在支付宝划算还是存在银行里面比较合理,8,news_tech,"银行,唯品会,余额宝,支付宝,饿了么"
湖南值得一去的公园 长沙市南郊公园,10,news_travel,"映山红,杜鹃园,南郊公园,杜鹃花,长沙市"
多名主力 消失 丹麦印度汤尤杯名单 各国备战阵容向年轻化进军,11,news_world,"摩根森,彼得森,亨德拉,斯里坎斯,卡米拉"
美国教师工资太低 有三个州的教师罢工了,11,news_world,"民意调查,罢工,科罗拉多州,共和党,亚利桑那州"
美国敢不敢和俄罗斯直接打起来,9,news_military,
美国对叙利亚发动第二次空袭 涉及平民区 你怎么看,11,news_world,
横扫东部第一 jr史密斯6中6 猛龙三节认输 詹姆斯创记录,3,news_sports,"猛龙,詹姆斯,jr史密斯,科沃尔"
刷新闻挣小钱 零投资小回报,14,news_game,"金币,邀请码"
为给普京让路二战老兵被推走 接下来普京的这一动作超暖心,9,news_military,普京
上课时学生手机响个不停 老师一怒之下把手机摔了 家长拿发票让老师赔 大家怎么看待这种事,7,news_edu,
运营最重要的核心能力是什么,8,news_tech,
论新手的九个 不要,6,news_car,天津
NBA逗逼之王 撩卡戴珊和蕾哈娜 还自称退役后要回喀麦隆当总统,3,news_sports,"恩比德,蕾哈娜,推特,卡戴珊,詹姆斯"
广告片拍摄 你知道 基调 和 节奏 的真目面吗,2,news_entertainment,"广告片,基调,影视广告片,导演阐述,广告创意"
唐嫣 网友 原来她这么有韵味,2,news_entertainment,
现在的社会 一部分农村的年轻人不务正业力挣大网红能成功吗,13,news_agriculture,
为什么俄罗斯科学家说把月球炸了 地球才安全,11,news_world,"地球,水星,摧毁月球,月亮,月球"
重庆一小学体育老师罚学生赤脚跑操场脚底磨出泡,7,news_edu,"体育老师,华龙网,学生家长,体育课,赤脚跑操场"
林肯领航员怎么样,6,news_car,"领航员,车架号,加热,林肯领航员,音响系统"
农村大哥零下2摄氏度干活汗流浃背 一天挣4500块累到直不起腰,13,news_agriculture,"保鲜剂,大哥,冷库,蒜薹"
绍兴有一个崇仁古镇 美丽幽静 比乌镇更有生活气息,10,news_travel,"王羲之,崇仁古镇,绍兴黄酒,王不留,绍兴"
苹果用户打车比安卓用户贵吗 大数据杀熟 真的存在吗,8,news_tech,
如果勇士今年不能夺冠 是不是王朝瓦解了,3,news_sports,
山坡盖被子 农民赚票子 聚焦山西水土流失治理,13,news_agriculture,"规划,水土流失综合治理,平顺县,生态环境,基本农田,国家水土保持重点建设"
一定要去一次的地方,10,news_travel,"长江三峡,壶口瀑布,塔克拉玛干沙漠,桂林山水,云南石林"
现在的生意越来越难做 谁能分析一下以后生意的大趋势应该是怎样的,8,news_tech,
您参加过或打算将孩子送到课外辅导班吗,7,news_edu,
各股市的指标指数都不一样 如果 按照纳斯达克的标准 中国的沪市股指应该是多少,12,stock,"成分股,中国石化,兴业银行,阿里巴巴,网络科技,中国石油,中国互联网,中国平安,农业银行,中国银行,贵州茅台,中国人寿,英特尔,上证指数,纳斯达克综合指数,亚马逊,工商银行"
广西考生理科考550分可以上什么大学,7,news_edu,"高考分数线,新闻问答家,广西,广西高考,二类本科"
滔河乡上寨小学 读书社排演经典迎六一,1,news_culture,"沁园春长沙,明日歌,淅川县,舞蹈表演,滔河乡,读书社"
语音助手能像真人打预约电话 谷歌是如何做到的,8,news_tech,"亚马逊,扬声器,福克斯,Google,Alexa,人工智能,Assistant,Duplex,Facebook,Echo"
去旅游带什么镜头比较好,10,news_travel,
央行 定向降准 会对股市构成利好吗,12,stock,"定向降准,降准政策,月城镇,定向降准政策,中国人民银行"
牛津大学将开设电竞课程 幕后推手是腾讯,8,news_tech,"堡垒之夜,电竞课程,牛津大学,绝地求生,腾讯"
关键时刻才能看出真大腿 连续错失良机 拿什么来拯救你 76人,3,news_sports,"凯尔特人,西蒙斯,霍福德,恩比德,76人"
办理房产证 管理部门要求业主必须提供物业缴费证明 否则不予办理 这样做合法吗,5,news_house,"物业公司,合同法,物业,物业管理费,房管局"
华米OV四家厂商 为何只有OV做到了现货,8,news_tech,"华为,小米,现货,OPPO,手机市场"
开挂了 乐山交通 住房 娱乐全面爆发 未来的乐山前途无量,5,news_house,"乐山,建设用地,乐山大佛,商业中心,五通桥"
经典赏析之 人间词话,1,news_culture,"雾失楼台,月迷津渡,马鸣风萧萧,人间词话"
都说人如其字 那长得帅的男星字迹什么样 这字自行体会吧,2,news_entertainment,"李易峰,张艺兴,吴亦凡,男星,王俊凯"
投篮经常打铁 试试这几种投篮训练,3,news_sports,投篮
如果有一天人类消失了 地球大概会变成这样,11,news_world,"乌克兰,纳米比亚,兔子岛,福岛,切尔诺贝利核事故"
您的茶盘上放上三把这样的紫砂壶是不是非常有个性,1,news_culture,"紫砂壶,大红袍,茶盘,工艺美术师,三阳开泰,南京艺术学院"
突发 美军几十艘军舰围住伊朗 准备动武 关键时刻中国挺身而出,9,news_military,"伊核协议,以色列,波斯湾,苏伊士运河,伊朗,美军,F-22"
产能扩充周期又起 必需消费 重回热点舞台,12,stock,"贵州茅台,生物医药,供需两旺,国金证券,化学制药,白酒,MSCI,广发证券,在建工程,食品饮料"
国内众多手机厂商为什么不用华为的麒麟系列芯片,8,news_tech,"OPPO,高通,手机终端,华为,手机厂商"
气势硬过奥德赛 吉利MPV首秀爆红 这是要称霸MPV市场啊,6,news_car,"奥德赛,GL6,吉利,吉利汽车,上海车展,MPV"
前海 后海 大铲湾填海区 将会颠覆你对城市新区的想象,5,news_house,"城市中心,深圳,填海区,填海,新区"
为何会有 中国上下五千年 的说法,1,news_culture,
津沽趣谭 认死理儿,0,news_story,"认死理儿,小凤,滕经本,主考官,理儿"
首家军工科研院所转制获批鼓舞板块人气 11只绩优军工股吸金逾2亿元,12,stock,"中海达,中金公司,中国兵器装备集团,航天晨光,光电股份,中国卫星,同花顺,自动化研究所,西仪股份,龙溪股份,新研股份,轴研科技,中航电子,中信证券,湖南天雁,海特高新,中国宝安,军工板块,林州重机,航天电子"
有哪些歌手或演员从没让你失望过,2,news_entertainment,
蔡依林被 完美女神 提问质疑已经过气 她的心态赢得全场喝彩,2,news_entertainment,"蔡依林,jolin,Jolin,艺人,女神"
洪灏 香港市场利率还很低 主要是香港补贴买房子,4,news_finance,"市场利率,摩根士丹利,花旗集团,首付贷,中国国际金融有限公司,基准利率"
最新 奔跑吧 兄弟 一场龙舟 一群兄弟 划出中华之魂,2,news_entertainment,"王祖蓝,好儿女,中华,杨颖,划龙舟,奔跑吧，兄弟"
包装上没有标明dexos的磁护 美孚一号等全合成机通用的增压发动机能用吗,6,news_car,
江西南昌到底有没有成为一线城市的可能,5,news_house,
除了张三丰外 玄冥二老没有敌手 为何投靠赵敏不称霸江湖,1,news_culture,
